Symbol ,Series ,LTP ,%chng ,Mkt Cap (₹ Crores),Volume (Lakhs),Value (₹ Crores)
BHARTIARTL,EQ,1814.4,-2.83,1034589.99,1006.62,18271.87
JSWINFRA,EQ,288.35,-2.93,60553.55,540.7,1560.29
KAYNES,EQ,6260,-0.6,40116.77,20.49,1339.39
POLICYBZR,EQ,1755.4,-1.25,80618.02,41.35,742.94
INFY,EQ,1589.4,-1.46,660220.11,45.77,728.3
M&M,EQ,3133.9,-0.33,389709.5,22.7,711.37
TCS,EQ,3561.3,-0.52,1288509.51,16.67,593.32
BAJFINANCE,EQ,9172,-0.18,569974.36,6.25,574.29
AXISBANK,EQ,1209,-0.01,374589.71,40.16,485.17
VBL,EQ,501.75,-0.96,169685.11,96.03,481.75
SUZLON,EQ,61.05,-0.28,83325.12,778.01,476.29
NCC,EQ,227.06,-1.04,14255.88,210.23,473.51
LT,EQ,3608,-0.28,496201.41,12.79,461.47
LICHSGFIN,EQ,620.15,-0.77,34112.16,70.32,434.11
LUPIN,EQ,2065,-0.38,94291.32,21,433.73
HCLTECH,EQ,1661,-2.06,450739.77,25.86,431.15
ADANIPORTS,EQ,1404.1,-0.15,303305.11,27.77,392.08
SHRIRAMFIN,EQ,666.3,-1.26,125289.98,54.16,360.43
PATANJALI,EQ,1780,-1.72,64467.6,20.01,355.39
WENDT,EQ,8525,-2.04,1705,4.16,350.82
MUTHOOTFIN,EQ,2103,-0.05,84427.86,16.18,339.54
BLS,EQ,393.05,-0.47,16183.48,81.06,321.93
BAJAJFINSV,EQ,2036,-0.29,325314.77,15.69,319.9
COROMANDEL,EQ,2451,-0.77,72215.37,11.82,289.65
HAVELLS,EQ,1574.1,-1.2,98686.9,17.96,283.33
NEULANDLAB,EQ,11040,-6.91,14164.2,2.55,282.66
INDHOTEL,EQ,764.05,-0.04,108757.34,34.23,261.54
HFCL,EQ,88.42,-1.84,12756.11,290.53,259.88
SUNPHARMA,EQ,1730,-0.58,415084.95,14.48,250.85
PAYTM,EQ,850.7,-0.76,54266.88,29.17,249.33
CIPLA,EQ,1501,-0.08,121226.82,16.61,248.99
VEDL,EQ,441.05,-0.62,172467.67,55.26,244.01
INDIGO,EQ,5571.5,-0.31,215304.69,4.34,241.74
IOC,EQ,144.78,-0.15,204447.29,145.29,211.15
COFORGE,EQ,8422.5,-0.46,56328.72,2.37,200.39
ONGC,EQ,247.2,-0.17,310984.5,80.3,198.83
LTF,EQ,174.89,-1.76,43676.18,111.19,196.8
GRASIM,EQ,2808,-0.59,191086.11,7,196.13
TITAN,EQ,3633.2,-0.1,322550.47,5.25,190.64
APOLLOHOSP,EQ,7000,-1.03,100649.26,2.71,190.58
PIDILITIND,EQ,3075.7,-1.15,156445.1,6.1,188.83
TECHM,EQ,1616.8,-0.76,158296.12,11.59,187.06
HINDALCO,EQ,656.9,-0.67,147620.31,27.01,177.57
VMM,EQ,126.3,-1.34,58408.24,137.21,174.38
KPITTECH,EQ,1363.9,-2.1,37390.47,12.71,174.36
JUBLFOOD,EQ,673.2,-1.54,44420.78,25.71,173.54
WIPRO,EQ,254.45,-0.83,266576.76,66.4,169.1
ASHOKLEY,EQ,237.26,-0.88,69672.05,68.21,163.05
NATIONALUM,EQ,177.55,-0.57,32609.4,90.7,161.13
EASEMYTRIP,EQ,11.91,-0.08,4221,1312.98,156.9
SAIL,EQ,122.5,-0.16,50598.93,124.76,152.69
PPLPHARMA,EQ,205,-1.73,27177.84,71.84,148.37
PGEL,EQ,804,-0.66,22781.07,17.67,143.66
HEXT,EQ,765.9,-0.02,46543.33,18.29,141.79
KEC,EQ,795.95,-0.98,21188.19,17.8,141.53
MRF,EQ,140145,-0.7,59437.5,0.1,137.06
VOLTAS,EQ,1260.5,-0.15,41708.02,10.3,129.72
MFSL,EQ,1355.9,-0.18,46794.11,9.3,126.76
AUROPHARMA,EQ,1202.6,-1.18,69847.2,10.47,126.22
SBILIFE,EQ,1773.8,-0.61,177758.72,6.96,123.71
PARADEEP,EQ,145.22,-7.61,11840.6,81.13,120.94
TRITURBINE,EQ,607,-1.33,19295.13,19.79,120.19
NAZARA,EQ,1244,-0.29,10899.46,9.33,117.18
TORNTPHARM,EQ,3260.4,-0.14,110346.75,3.59,116.92
FORCEMOT,EQ,10950,-1.3,14271.04,1.05,116.14
HBLENGINE,EQ,569.9,-1.26,15797.34,19.49,112.03
CHAMBLFERT,EQ,632.65,-0.54,25347.27,17.44,110.46
HINDCOPPER,EQ,226,-0.78,21854.74,48.27,109.96
MAXHEALTH,EQ,1168.9,-1.48,113633.68,9.32,109.23
KEI,EQ,3465,-0.97,33108.97,3.13,108.92
GODFRYPHLP,EQ,8718.5,-5,45330.9,1.23,108.8
DRREDDY,EQ,1228.5,-0.63,102512.84,8.83,108.44
JSWSTEEL,EQ,1024.3,-1.35,250487.85,10.48,107.62
MPHASIS,EQ,2595,-1.12,49363.22,4.13,107.52
HDFCLIFE,EQ,748.65,-0.34,161227.71,14.26,106.98
IDFCFIRSTB,EQ,69.2,-0.4,50699.99,152.63,105.94
BLUESTARCO,EQ,1562,-0.6,32117.03,6.01,93.91
LAURUSLABS,EQ,601.55,-0.36,32438.73,14.93,90.25
BHARTIHEXA,EQ,1664,-1.38,83200,5.37,89.62
AMIORG,EQ,1123,-1.39,9193.88,7.91,89.47
BALUFORGE,EQ,613.8,-1.12,6717.54,14.24,88
UPL,EQ,642.8,-0.29,48249.06,12.81,82.4
PNBHOUSING,EQ,1069,-0.47,27785.99,7.43,79.85
SOUTHBANK,EQ,27.49,-0.94,7192.21,283.77,78.89
DALBHARAT,EQ,2073.2,-0.6,38886.01,3.77,78.32
SHYAMMETL,EQ,934.1,-0.29,26073.71,8.07,76.01
PHOENIXLTD,EQ,1550.9,-0.27,55448.13,4.79,74.3
ITDCEM,EQ,654,-3.05,11234.91,11.04,73.59
ZENSARTECH,EQ,794.05,-1.65,18037.76,8.91,72
MEDANTA,EQ,1203.5,-3.2,32324.49,5.93,71.09
SBICARD,EQ,911,-0.04,86671.91,7.7,70.28
DELHIVERY,EQ,321.1,-0.93,23957.14,21.14,68.15
ABDL,EQ,388.95,-5,10879.33,16.65,67.82
SAMMAANCAP,EQ,124.87,-0.76,10343.62,53.45,67.41
CEATLTD,EQ,3827,-2.3,15480.25,1.74,67.37
ZYDUSLIFE,EQ,903,-0.19,90862.93,7.2,65.05
ARVIND,EQ,379,-0.41,9922.9,16.71,63.29
FSL,EQ,368.2,-1.45,25663.2,17.03,63.05
ICICIGI,EQ,1857.8,-0.82,92119.94,3.32,61.77
UJJIVANSFB,EQ,44.3,-2.44,8572.34,135.49,60.93
LTTS,EQ,4478,-0.34,47413.26,1.33,59.84
KPIGREEN,EQ,439.9,-2.42,8661.22,13.3,59.43
SHAKTIPUMP,EQ,845.1,-0.9,10159,6.9,58.55
BOSCHLTD,EQ,31670,-0.19,93406.36,0.18,58.22
360ONE,EQ,1000,-1.63,39369.79,5.61,56.95
ELECON,EQ,664,-2.32,14900.16,8.34,56.04
SENORES,EQ,495.9,-8.25,2283.8,10.76,54.19
LLOYDSME,EQ,1305,-0.71,68283.07,3.96,51.8
BLUEJET,EQ,823.15,-1.85,14278.81,6.11,50.54
NAVINFLUOR,EQ,4224,-1.58,20939.86,1.18,50.37
AUBANK,EQ,685,-0.74,51009.64,7.24,49.62
REDINGTON,EQ,279.21,-0.03,21827.92,17.67,49.37
ALKEM,EQ,5225,-0.99,62472.71,0.93,49.03
KRN,EQ,799,-1.06,4966.31,5.95,48.11
NH,EQ,1773.8,-0.94,36249.52,2.59,46.1
GLAXO,EQ,2830,-1.7,47941.91,1.61,45.67
MANORAMA,EQ,1385,-5.62,8254.47,3.24,45.46
SAREGAMA,EQ,540.25,-2.73,10416.53,8.42,45.24
AETHER,EQ,747,-0.61,9904.49,5.92,44.39
JKCEMENT,EQ,5235,-0.22,40449.93,0.85,44.14
INDIAGLYCO,EQ,1750,-0.4,5418.26,2.48,43.48
CARTRADE,EQ,1662.9,-1.48,7895.29,2.55,42.73
PNGJL,EQ,544,-4.09,7382.53,7.8,42.52
AIRTELPP,E1,1357.5,-2.89,53253.05,3.11,42.33
E2E,EQ,2820,-0.84,5632.12,1.43,41.88
IDBI,EQ,86.1,-0.22,92578.18,47.74,41.24
AJAXENGG,EQ,670.05,-9.73,7665.83,5.87,40.76
MEDIASSIST,EQ,467,-5.18,3293.4,8.66,40.58
RRKABEL,EQ,1313.6,-0.36,14853.26,2.91,38.79
ICIL,EQ,332.4,-2.16,6583.33,11.4,37.74
MOIL,EQ,363.75,-0.29,7401.77,10.2,37.21
RAMASTEEL,EQ,11.1,-0.09,1725.2,330.27,36.86
SAILIFE,EQ,755,-0.05,15738.8,4.84,36.27
LLOYDSENGG,EQ,52.11,-3.02,7678.69,68.15,36.11
RAMCOCEM,EQ,1002.35,-0.04,23684.77,3.51,35.36
ITBEES,EQ,41.15,-0.48,2285.13,82.77,34.04
CARERATING,EQ,1517.7,-1.54,4542.8,2.18,33.6
KTKBANK,EQ,195.86,-1.84,7402.27,16.72,32.92
SETFNIF50,EQ,264.55,-0.09,69674.2,12.19,32.23
SOLARA,EQ,477,-8.02,1719.79,6.54,31.41
ZFCVINDIA,EQ,13200,-2.08,25037.21,0.23,30.8
UNOMINDA,EQ,985.9,-0.9,56615.85,3.1,30.75
RADICO,EQ,2572.1,-0.69,34420.79,1.16,30.03
THOMASCOOK,EQ,140.9,-3.46,6627.66,20.72,29.82
IGIL,EQ,378.8,-1.04,16370.21,7.85,29.72
CAMLINFINE,EQ,193.01,-2.05,3627.06,15.13,29.72
VADILALIND,EQ,6804,-3.48,4890.6,0.43,29.17
KSCL,EQ,1309.3,-2.96,6734.92,2.21,29.01
BALRAMCHIN,EQ,555.9,-0.91,11215.24,5.1,28.44
UBL,EQ,2046,-1,54097.29,1.38,28.35
TFCILTD,EQ,202.44,-1.2,1874.5,13.43,27.73
KRSNAA,EQ,652.95,-2.95,2108.36,4.23,27.6
IOB,EQ,37.85,-0.26,72886.19,69.89,26.55
EQUITASBNK,EQ,63.25,-0.24,7211.64,41.29,26.11
NOCIL,EQ,184.3,-6.1,3078.27,13.91,25.92
BALMLAWRIE,EQ,216,-4.75,3693.68,11.98,25.84
PTCIL,EQ,14280,-0.49,21397.33,0.18,25.71
ALIVUS,EQ,1147,-4.89,14065.56,2.18,25.13
GPIL,EQ,201.76,-0.37,13502.97,12.38,25
ONESOURCE,EQ,1589,-0.08,18183.88,1.53,24.6
SBFC,EQ,108,-0.64,11748.19,22.83,24.58
WELCORP,EQ,778.05,-1.08,20479.98,3.11,24.33
STAR,EQ,657.2,-1.28,6056.93,3.66,24.3
KIRLPNU,EQ,1208.9,-1.19,7846,1.99,24.3
ANURAS,EQ,942,-1.68,10355.53,2.49,23.92
DDEVPLSTIK,EQ,275.5,-11.83,2850.78,8.39,23.39
PRICOLLTD,EQ,438.95,-5.54,5349.99,5.17,22.79
UTIBANKETF,EQ,56.58,-0.33,3874.6,40.16,22.79
THERMAX,EQ,3425.9,-0.11,40821.76,0.66,22.58
INDIASHLTR,EQ,885,-0.21,9551.43,2.51,22.15
STYLEBAAZA,EQ,285.55,-4.32,2130.7,7.6,22.08
TIRUMALCHM,EQ,254,-3.8,2600.66,8.44,22.07
KPEL,EQ,435,-2.12,2901.01,4.95,21.76
NUVAMA,EQ,6700,-0.45,24102.82,0.32,21.33
DATAMATICS,EQ,617.9,-6.41,3652.18,3.42,21.2
HIKAL,EQ,388,-1.12,4784.07,5.43,21.2
GABRIEL,EQ,612,-2.55,8791.01,3.42,21.17
RENUKA,EQ,31.81,-0.19,6770.73,66.48,21.12
CRISIL,EQ,5003,-0.56,36586.95,0.42,20.9
SKIPPER,EQ,472.95,-0.75,5335.99,4.39,20.85
TEGA,EQ,1451,-3.85,9654.3,1.41,20.56
HOMEFIRST,EQ,1167,-1.19,12039.26,1.69,19.76
AAVAS,EQ,1794,-0.34,14200.17,1.1,19.71
QUADFUTURE,EQ,471.05,-0.79,1884.2,4.13,19.46
SARDAEN,EQ,453.55,-0.27,15982.25,4.28,19.45
MOSCHIP,EQ,182.83,-0.32,3502.61,10.49,19.26
HIMATSEIDE,EQ,162.98,-0.07,2049.35,11.6,19.14
CHOLAHLDNG,EQ,1866,-0.6,35039.27,1.01,18.93
RAINBOW,EQ,1366,-1.53,13871.96,1.37,18.89
CONCORDBIO,EQ,1502.8,-1.49,15721.72,1.24,18.67
MOREPENLAB,EQ,60.6,-0.59,3320.6,30.52,18.57
CIGNITITEC,EQ,1562,-0.76,4279.4,1.18,18.45
MANINDS,EQ,330,-0.51,2136.26,5.5,18.37
SUPRIYA,EQ,695,-2.04,5593.55,2.63,18.35
AIAENG,EQ,3297,-0.19,30767.73,0.54,18.09
CHALET,EQ,903,-1.17,19726.52,1.96,17.75
JYOTISTRUC,EQ,20.1,-0.25,2389.88,87.09,17.62
CAPACITE,EQ,360.8,-1.25,3052.51,4.81,17.43
CRAFTSMAN,EQ,5250,-1.72,12524.18,0.32,16.93
CUPID,EQ,92.65,-0.5,1367.47,17.6,16.34
JSLL,SM,2140,-9.09,5320.07,0.71,16.31
PRIVISCL,EQ,2324,-0.73,9078.17,0.67,15.58
USHAMART,EQ,311.1,-0.22,9480.52,5.01,15.53
ACI,EQ,597.05,-1.04,7369.25,2.54,15.37
ATUL,EQ,6770,-0.85,19932.07,0.23,15.34
LLOYDS-RE1,BE,15.5,-13.94,477.92,90.57,15.3
GARFIBRES,EQ,890,-3.4,8834.66,1.73,15.25
ACMESOLAR,EQ,233.8,-0.73,14146.95,6.5,15.22
ARVINDFASN,EQ,468.7,-2.04,6248.16,3.22,15.17
NITINSPIN,EQ,390,-4.46,2192.58,3.86,15.17
ELGIEQUIP,EQ,479,-0.38,15179.94,3.15,15.05
SHRIPISTON,EQ,2357.1,-3.56,10382.98,0.63,14.91
SPIC,EQ,86.48,-2.4,1761.08,17.16,14.83
DYNAMATECH,EQ,7000,-0.77,4754.01,0.21,14.83
GUJGASLTD,EQ,468.9,-1,32278.61,3.11,14.66
BIRLACORPN,EQ,1375.8,-0.48,10594.4,1.05,14.58
JASH,EQ,561.3,-2.05,3522.45,2.59,14.58
ORIENTTECH,EQ,358,-2.84,1490.77,4.09,14.54
GULFOILLUB,EQ,1230,-0.68,6064.45,1.18,14.47
SANDUMA,EQ,518.05,-0.58,8394.22,2.76,14.36
MANGCHEFER,EQ,237.25,-3.61,2811.77,5.85,14.13
BANKNIFTY1,EQ,567.98,-0.13,5516.76,2.48,14.09
EPACK,EQ,362.8,-0.32,3481.71,3.78,13.78
HCG,EQ,594.7,-2.31,8291.03,2.28,13.63
SYMPHONY,EQ,1287.1,-1.66,8838.7,1.05,13.59
SHAILY,EQ,1663,-0.23,7642.33,0.78,13.13
PANACEABIO,EQ,532.35,-4.27,3260.68,2.4,13.03
AKUMS,EQ,546,-2.15,8593.71,2.36,12.94
CANTABIL,EQ,234,-1.77,1957.13,5.42,12.78
SHILPAMED,EQ,705.15,-1.36,6895.73,1.8,12.72
CSBBANK,EQ,358.05,-0.38,6211.66,3.49,12.59
PTC,EQ,185.96,-0.6,5504.57,6.64,12.35
ASTRAZEN,EQ,7845,-1.38,19612.5,0.16,12.34
FINOPB,EQ,248.47,-0.89,2067.73,4.93,12.3
VISHNU,EQ,457.2,-1.89,3077.65,2.68,12.28
STERTOOLS,EQ,336,-0.28,1215.79,3.52,11.96
MARINE,EQ,208.4,-0.25,2874.76,5.65,11.82
VPRPL,EQ,181.2,-0.7,2258.55,6.25,11.41
SANATHAN,EQ,426,-3.71,3595.61,2.53,11.1
VASCONEQ,EQ,49.45,-2.37,1118.99,22.32,11.1
KIMS,EQ,638.8,-0.77,25560.88,1.73,11.08
KRISHANA,EQ,349,-3.63,2113.29,3.06,11.06
HIRECT,EQ,1072,-3.09,1839.84,1.01,10.87
ASIANENE,EQ,338,-1.47,1513.38,3.13,10.54
BLSE,EQ,178.21,-1.21,1619.15,5.85,10.53
IRMENERGY,EQ,280.55,-3.62,1151.93,3.75,10.46
JSFB,EQ,500,-0.83,5258.01,2.08,10.4
MPSLTD,EQ,2570,-1.17,4396.19,0.4,10.36
SIGACHI,EQ,44,-0.07,1467.17,23.39,10.35
VIMTALABS,EQ,1041,-2.88,2314.61,0.96,10.09
KSB,EQ,777,-0.35,13522.85,1.29,9.95
IPCALAB,EQ,1391,-1.08,35290.26,0.71,9.89
VMART,EQ,3397,-2.32,6740.82,0.29,9.84
ORIANA,SM,1514.95,-1.67,3078.25,0.64,9.7
VENUSPIPES,EQ,1310.5,-0.1,2677.5,0.73,9.6
BAHETI,SM,579,-8.34,600.34,1.62,9.57
ANANDRATHI,EQ,1785,-0.51,14819.18,0.53,9.51
JAIBALAJI,EQ,110.5,-2.01,10080.44,8.05,9.01
GRMOVER,EQ,303,-2.84,1818,2.94,8.97
DANISH,SM,971,-2.65,1912.06,0.88,8.63
TVSSCS,EQ,129.5,-1.16,5713.14,6.5,8.45
ERIS,EQ,1460.9,-1.45,19895.27,0.57,8.42
INDIACEM,EQ,319,-1.18,9885.72,2.62,8.4
NUVOCO,EQ,357.85,-0.24,12780.83,2.32,8.34
SSWL,EQ,233.69,-1.08,3667.28,3.5,8.18
EMIL,EQ,132,-1.79,5078.68,6.05,8.06
EMCURE,EQ,1060,-0.52,20085.23,0.75,7.9
HDFCNIFBAN,EQ,56.31,-0.18,5465.67,13.87,7.81
SWARAJENG,EQ,4095,-1.08,4974.39,0.19,7.78
TIPSMUSIC,EQ,637.05,-0.69,8143.51,1.22,7.77
VENTIVE,EQ,753.75,-0.3,17603.2,1.03,7.77
PENIND,EQ,193.52,-0.3,2611.48,4.01,7.76
RBA,EQ,82.15,-0.96,4781.69,8.98,7.47
KIRLOSIND,EQ,3159,-0.52,3289.48,0.23,7.29
OMINFRAL,EQ,136.6,-0.43,1315.51,5.17,7.17
TAC,SM,1362,-4.39,1427.32,0.52,7.15
DALMIASUG,EQ,443.1,-1.28,3586.42,1.59,7.09
NAVKARCORP,EQ,109.55,-1.27,1648.94,6.43,7.06
GPTINFRA,EQ,138.35,-2.21,1748.25,5.1,7.02
LATENTVIEW,EQ,421,-0.58,8692.45,1.64,6.95
HNGSNGBEES,EQ,393.98,-1.01,929.27,1.76,6.93
TRIVENI,EQ,430,-0.46,9412.61,1.57,6.79
BCLIND,EQ,39.95,-3.27,1179.18,16.67,6.73
PAISALO,EQ,34.35,-1.49,3098.78,19.54,6.69
VARROC,EQ,506.4,-1.48,7737.1,1.31,6.69
NDRAUTO,EQ,899.95,-3.32,2140.56,0.74,6.68
SPANDANA,EQ,297.35,-0.67,2120.26,2.23,6.67
GOKULAGRO,EQ,255,-0.85,3762.36,2.57,6.62
STARCEMENT,EQ,222.25,-2.47,9166.23,2.95,6.62
ORCHPHARMA,EQ,768,-1.65,3895.23,0.86,6.62
DMCC,EQ,249.75,-1.89,622.87,2.6,6.56
AMRUTANJAN,EQ,699.05,-2.52,2021,0.93,6.55
FINEORG,EQ,4521.5,-1.19,13862.91,0.14,6.54
GMMPFAUDLR,EQ,1105,-1.29,4967.77,0.59,6.53
JKIL,EQ,694,-0.73,5251.19,0.94,6.52
STOVEKRAFT,EQ,623.5,-0.18,2062.28,1.03,6.48
DBL,EQ,472.5,-1.22,6908.66,1.34,6.36
SUNTV,EQ,629.95,-0.06,24825.36,1,6.29
GANECOS,EQ,1582,-0.4,4027.29,0.39,6.24
BAJAJHCARE,EQ,555,-0.65,1752.87,1.11,6.2
KOPRAN,EQ,182.25,-2.37,880.04,3.33,6.05
AARTIDRUGS,EQ,455.05,-1.33,4153.24,1.32,6.02
ASKAUTOLTD,EQ,433,-1.48,8536.27,1.35,5.91
BFUTILITIE,EQ,757,-0.26,2851.44,0.77,5.86
SANOFI,EQ,6290.5,-0.38,14487.41,0.09,5.77
WINDLAS,EQ,957,-2.69,2005.81,0.59,5.74
OBSCP,SM,194,-2.76,474.38,2.94,5.7
INDSWFTLAB,EQ,71.41,-4.28,432.88,7.93,5.69
ASMS,EQ,16.99,-4.17,517.48,32.88,5.69
SUNFLAG,EQ,258.44,-0.27,4657.59,2.18,5.67
BLACKBUCK,EQ,460,-2.11,8198.28,1.21,5.65
AGIIL,EQ,836,-2.22,2042.64,0.66,5.59
LUMAXTECH,EQ,619.8,-0.11,4224.41,0.9,5.56
DEEPINDS,EQ,442,-0.28,2828.8,1.24,5.49
ETHOSLTD,EQ,2721,-1.54,6661.13,0.2,5.47
VINCOFE,EQ,99.04,-0.49,1244.77,5.48,5.43
DIAMONDYD,EQ,1168.2,-0.34,2788.89,0.46,5.39
CARBORUNIV,EQ,982,-0.19,18699.51,0.54,5.3
INDOTECH,EQ,2532,-0.36,2688.98,0.21,5.28
ASALCBR,EQ,1126,-0.77,2035.72,0.47,5.28
EPIGRAL,EQ,1830,-1.44,7894.86,0.28,5.18
DPABHUSHAN,EQ,1550,-0.44,3512.37,0.33,5.17
SUNDRMFAST,EQ,977,-0.1,20529.54,0.53,5.16
NRBBEARING,EQ,259,-0.51,2510.3,1.96,5.1
DCAL,EQ,213.54,-0.96,3347.95,2.3,4.95
APLLTD,EQ,912.75,-0.2,17941.3,0.54,4.94
ALPEXSOLAR,SM,846,-0.5,2070.45,0.57,4.86
YATRA,EQ,94.2,-1.36,1478.15,5,4.75
PFIZER,EQ,4410,-1.1,20174.75,0.11,4.75
EMUDHRA,EQ,757.9,-0.13,6276.3,0.62,4.69
BLISSGVS,EQ,120.3,-0.1,1267.6,3.82,4.63
TCI,EQ,1125,-0.23,8618.49,0.4,4.55
HINDOILEXP,EQ,188.95,-0.23,2499.7,2.38,4.5
THYROCARE,EQ,978.95,-1.51,5187.79,0.46,4.48
BARBEQUE,EQ,342.5,-0.31,1338.41,1.27,4.38
JAGSNPHARM,EQ,213.5,-2.64,1418.46,2.04,4.36
INFRABEES,EQ,933,-0.17,177.71,0.47,4.34
SMSPHARMA,EQ,258.45,-0.3,2291.21,1.66,4.34
STEELCAS,EQ,980,-1.07,1983.52,0.44,4.25
SPLPETRO,EQ,694.9,-0.5,13066.99,0.61,4.25
DLINKINDIA,EQ,498,-0.04,1768.14,0.85,4.22
SUPRAJIT,EQ,418.65,-1.09,5742.25,0.99,4.14
NITCO,EQ,131.7,-1.44,3012.27,3.11,4.12
VENKEYS,EQ,1628,-0.28,2293.42,0.25,4.05
SHARDAMOTR,EQ,1719,-1.04,4934.19,0.23,4.03
INTENTECH,EQ,111.55,-1.37,262.18,3.39,3.85
PDSL,EQ,438,-0.53,6189.75,0.88,3.85
MINDACORP,EQ,503,-0.87,12025.7,0.76,3.84
MUKKA,EQ,31.4,-0.92,942,12.23,3.8
INGERRAND,EQ,3853,-0.31,12163.15,0.1,3.8
ENTERO,EQ,1483,-0.52,6452.19,0.25,3.75
ASAHIINDIA,EQ,749.95,-1.18,18230.53,0.5,3.74
INNOVACAP,EQ,924,-0.29,5287.58,0.39,3.62
SURYODAY,EQ,126,-1.23,1339.19,2.86,3.61
AHLUCONT,EQ,933,-0.16,6249.94,0.39,3.6
LLOYDSENT,EQ,52.19,-1.38,6639.23,6.88,3.59
ZEEMEDIA,EQ,14.5,-0.07,906.87,24.68,3.58
RPSGVENT,EQ,850,-0.96,2812.34,0.42,3.55
TCPLPACK,EQ,3847,-1.9,3500.77,0.09,3.54
BANSWRAS,EQ,143.7,-7.68,491.92,2.42,3.53
DHARMAJ,EQ,230.92,-4.83,780.45,1.49,3.48
FILATEX,EQ,48.04,-0.46,2132.28,7.17,3.46
SATIN,EQ,171.9,-0.77,1899,1.98,3.4
FOSECOIND,EQ,4615,-0.14,2947.35,0.07,3.39
DCMSHRIRAM,EQ,1041,-0.13,16233.59,0.32,3.39
MCLOUD,EQ,75.41,-1.3,4406.92,4.42,3.37
YASHO,EQ,1749.7,-1.1,2109.63,0.19,3.25
SGIL,EQ,474,-1.32,736.74,0.68,3.23
KINGFA,EQ,3212.2,-1.74,3890.12,0.1,3.19
KANSAINER,EQ,263.9,-0.92,21336.07,1.2,3.18
KSOLVES,EQ,329,-2,780.12,0.96,3.18
AVPINFRA,SM,159.4,-3.19,398.17,1.94,3.13
WESTLIFE,EQ,694,-1.27,10801.68,0.44,3.04
CEIGALL,EQ,257.4,-0.98,4484.03,1.17,3.03
HATSUN,EQ,898,-0.5,20002.79,0.33,2.99
RITCO,EQ,264.5,-0.19,749.14,1.1,2.96
SUNDARMHLD,EQ,348.6,-0.8,7742.54,0.85,2.96
MMFL,EQ,359.7,-0.08,1736.69,0.82,2.94
JINDALPHOT,EQ,975,-0.15,1000.19,0.3,2.93
JSWHL,BE,24240,-0.41,26905.49,0.01,2.93
RAMKY,EQ,509.1,-0.31,3522.86,0.57,2.92
GPECO,SM,307,-5.54,359.52,0.91,2.88
SCHAND,EQ,229.9,-0.22,810.39,1.22,2.83
CENTURYPLY,EQ,731,-0.87,16240.85,0.38,2.83
LAKSHYA,ST,180.05,-4.99,181.56,1.56,2.81
RPTECH,EQ,295,-0.3,1944.04,0.95,2.81
ACCENTMIC,SM,234.8,-4.55,494.09,1.18,2.8
NEOGEN,EQ,1546,-0.55,4078.61,0.18,2.8
ARTEMISMED,EQ,244.15,-2.01,3392.03,1.13,2.8
MINDTECK,EQ,235,-1.72,750.88,1.18,2.77
AVADHSUGAR,EQ,565,-1.15,1131.04,0.48,2.76
DCMSRIND,EQ,183.6,-0.89,1597.18,1.47,2.72
APOLLOPIPE,EQ,392,-0.41,1726.69,0.69,2.71
FDC,EQ,440.15,-0.81,7166.09,0.61,2.68
BHARATRAS,EQ,9533,-0.04,3961.22,0.03,2.65
UPLPP1,E1,426,-0.2,3899.89,0.62,2.63
PGHL,EQ,5210,-0.65,8648.28,0.05,2.62
JAYBEE,SM,190,-1.02,428.78,1.38,2.6
MOS,SM,290,-0.74,723.13,0.86,2.54
MHRIL,EQ,355.5,-0.91,7181.7,0.69,2.48
FUSIONPP,E1,110,-5.17,671.64,2.25,2.48
TVSELECT,EQ,414,-0.79,772.12,0.59,2.47
3IINFOLTD,EQ,25.54,-2.37,433.23,9.66,2.47
VRAJ,EQ,185.5,-1.41,611.83,1.31,2.46
RAMCOSYS,EQ,375,-2.8,1398.09,0.64,2.45
LINCOLN,EQ,597,-0.81,1195.77,0.4,2.41
ALPHAETF,EQ,24.25,-0.12,414.43,9.87,2.4
ACCELYA,EQ,1379.5,-1.2,2059.08,0.17,2.38
RAMRAT,EQ,572.25,-1.23,2520.3,0.4,2.28
MAYURUNIQ,EQ,585.2,-0.45,2542.85,0.39,2.28
ORIENTELEC,EQ,241.9,-0.85,5161.32,0.94,2.28
RAMCOIND,EQ,253.1,-0.06,2197.14,0.9,2.28
SATINDLTD,EQ,84.59,-0.45,956.59,2.57,2.18
THEINVEST,EQ,150,-0.58,783.63,1.44,2.18
SPMLINFRA,EQ,181.98,-0.6,1292.98,1.14,2.06
TALBROAUTO,EQ,269.05,-0.59,1660.8,0.76,2.06
CHEMPLASTS,EQ,427,-0.67,6751.28,0.48,2.02
20MICRONS,EQ,222.5,-0.68,785.12,0.91,2.02
GHCLTEXTIL,EQ,90,-1.15,860.27,2.2,2
SARVESHWAR,EQ,7.37,-0.81,721.39,26.55,1.95
SHIVALIK,EQ,584,-2.71,908.73,0.32,1.9
NPST,EQ,2030,-1.81,3936.15,0.09,1.89
EIHAHOTELS,EQ,375,-0.66,2285.11,0.5,1.86
BETA,SM,1789,-5,1805.92,0.1,1.83
ITIETF,EQ,41.2,-0.41,423.99,4.41,1.81
LAXMIDENTL,EQ,401.6,-0.59,2207.28,0.45,1.81
BIGBLOC,EQ,68.5,-1.1,969.79,2.61,1.8
JLHL,EQ,1398,-0.56,9166.13,0.13,1.79
STANLEY,EQ,361.5,-0.1,2064.42,0.49,1.78
SHANTIGEAR,EQ,490,-1.54,3759.08,0.36,1.77
UNICHEMLAB,EQ,588.2,-0.06,4141.27,0.3,1.75
NDL,EQ,3.96,-0.25,570.82,43.9,1.75
NETF,EQ,268,-0.25,716.05,0.64,1.73
RESPONIND,EQ,186.5,-1.14,4972.25,0.92,1.72
CELLECOR,SM,43,-2.49,936.01,3.99,1.72
ITETF,EQ,39.14,-0.96,133.8,4.16,1.63
RUSTOMJEE,EQ,517.1,-0.21,6517,0.31,1.63
NIFTYETF,EQ,267.7,-0.15,4675.93,0.59,1.58
SEAMECLTD,EQ,843.85,-1,2145.49,0.19,1.57
ARIHANTCAP,EQ,69.9,-0.37,727.75,2.26,1.57
ASAL,EQ,503.7,-0.18,799.09,0.31,1.57
VIKASECO,EQ,2.38,-0.83,420.95,65.39,1.56
SHALBY,EQ,194.98,-0.5,2105.97,0.79,1.55
MAGADSUGAR,EQ,741,-1.36,1044.19,0.21,1.54
APEX,EQ,222.5,-0.69,695.31,0.69,1.54
FAIRCHEMOR,EQ,811,-1.25,1056,0.19,1.54
TRANSTEEL,SM,126.5,-0.75,255.26,1.2,1.54
SUPREME,EQ,100.9,-1.26,389.95,1.51,1.52
SANOFICONR,EQ,4970,-1.16,11446.22,0.03,1.49
INTLCONV,EQ,81.35,-0.01,515.59,1.84,1.49
SOMANYCERA,EQ,466.9,-0.37,1914.74,0.31,1.46
MBLINFRA,EQ,44.79,-0.58,548.81,3.25,1.45
APRAMEYA,SM,158,-0.03,300.83,0.88,1.44
MIDSELIETF,EQ,17.13,-0.06,87.1,8.17,1.41
INDORAMA,EQ,43.85,-1.59,1144.98,3.15,1.4
PUNJABCHEM,EQ,1088.2,-1.46,1334.37,0.13,1.38
RNFI,ST,231.25,-1.99,577.03,0.58,1.37
KKCL,EQ,456,-0.98,2810.11,0.29,1.35
LIBERTSHOE,EQ,423,-0.21,720.79,0.31,1.34
GENUSPAPER,EQ,20.05,-2.1,515.54,6.49,1.33
SPENCERS,EQ,64.1,-2.69,577.75,2.03,1.31
BYKE,EQ,94.3,-0.29,492.99,1.37,1.3
C2C,ST,445,-1.12,740.53,0.28,1.26
RPEL,EQ,691.3,-0.68,3173.89,0.18,1.26
UDAICEMENT,EQ,29.9,-0.3,1676.01,4.11,1.24
MARATHON,EQ,530,-0.67,2714.03,0.23,1.24
SAKAR,EQ,312.5,-1.67,685.93,0.39,1.22
BHARATSE,EQ,103.75,-2.36,651.55,1.16,1.21
ZUARIIND,EQ,296.1,-0.03,881.82,0.41,1.21
RML,EQ,824.1,-0.98,2277.58,0.15,1.21
INSPIRISYS,EQ,106,-3.65,419.94,1.1,1.18
BANKBETF,EQ,56.2,-1.32,318.93,2.06,1.15
BCONCEPTS,EQ,357,-1.15,400.48,0.32,1.15
SILVERTUC,EQ,802,-0.09,1017.02,0.14,1.15
JNKINDIA,EQ,375.4,-0.78,2094.26,0.3,1.14
APCOTEXIND,EQ,341.5,-0.36,1770.51,0.33,1.14
ARIES,EQ,306,-1.83,397.93,0.37,1.13
LINC,EQ,141.98,-1.17,844.63,0.79,1.13
UNIVASTU,EQ,270.5,-3.1,324.48,0.4,1.13
COFFEEDAY,BE,29.1,-1.79,614.74,3.81,1.12
GEEKAYWIRE,EQ,77,-3.77,402.4,1.41,1.11
TARSONS,EQ,392.2,-1.28,2086.75,0.28,1.11
MENONBE,EQ,120,-0.21,672.48,0.95,1.11
GREENLAM,EQ,245.25,-0.28,6257.5,0.43,1.06
EIMCOELECO,EQ,2027.6,-2.39,1169.6,0.05,1.06
ASTEC,EQ,723.25,-0.71,1418.39,0.14,1.05
CORDSCABLE,EQ,200.85,-1.23,259.65,0.52,1.04
DBEIL,EQ,142.5,-0.37,663.78,0.72,1.03
IRISDOREME,EQ,58.01,-3.27,552.06,1.75,1.03
VOLERCAR,SM,97.5,-1.71,108.65,1.01,1.01
SURAJLTD,EQ,403.95,-0.02,741.82,0.25,1.01
CHAMUNDA,ST,42.9,-1.15,47.21,2.37,1
GINNIFILA,BE,37.8,-1.97,323.76,2.66,0.99
KABRAEXTRU,BE,281,-0.35,982.74,0.34,0.96
JPOLYINVST,EQ,965.1,-0.03,1014.51,0.1,0.96
YUKEN,EQ,952.15,-0.15,1237.8,0.1,0.95
DECCANCE,EQ,782.8,-0.39,1096.51,0.12,0.94
CLEDUCATE,EQ,83.6,-4.97,452.26,1.09,0.92
WHEELS,EQ,735,-0.28,1795.83,0.12,0.91
PANAMAPET,EQ,383.55,-0.44,2320.23,0.24,0.91
MAHEPC,EQ,143.1,-1.32,399.86,0.62,0.9
BUTTERFLY,EQ,754.1,-1.85,1348.3,0.12,0.89
AXISNIFTY,EQ,271.51,-0.25,739.11,0.32,0.86
BFSI,EQ,27.23,-0.37,384.73,3.17,0.86
AGARIND,EQ,1018.15,-1.06,1522.93,0.08,0.86
CONTROLPR,EQ,629.3,-0.64,1006.52,0.13,0.83
MBAPL,EQ,286.05,-2.32,2506.57,0.28,0.81
EFFWA,SM,232,-4.31,537.01,0.34,0.81
CHANDAN,SM,173.2,-3.24,423.51,0.46,0.81
DONEAR,EQ,114.65,-0.05,596.18,0.7,0.8
ATCENERGY,SM,92.55,-3.34,188.7,0.83,0.79
KODYTECH,ST,900.1,-1.52,1147.41,0.09,0.77
AMJLAND,EQ,55.8,-2.82,228.78,1.36,0.77
ATL,EQ,26.52,-0.26,668.46,2.81,0.74
VISHWARAJ,EQ,9.88,-1.89,215.21,7.45,0.74
DENTALKART,SM,630.05,-2.39,1047.25,0.12,0.74
SADHAV,ST,92.7,-1.12,133.05,0.77,0.73
POSITRON,ST,364,-0.61,276.65,0.2,0.72
MEDICAMEQ,EQ,449.4,-0.1,571.39,0.16,0.71
SPECTRUM,EQ,1734.9,-1.09,2707.59,0.04,0.71
BALAXI,EQ,54.31,-0.73,299.83,1.29,0.71
CHEMFAB,EQ,851.6,-2.51,1223.21,0.08,0.71
KOTHARIPET,EQ,164.26,-0.02,966.61,0.43,0.71
KDL,ST,289.15,-4.99,347.67,0.24,0.7
THOMASCOTT,BE,358,-0.47,435.43,0.19,0.69
COMMOIETF,EQ,88.03,-0.45,73.2,0.77,0.68
PRESSTONIC,SM,119.95,-3.54,92.45,0.56,0.68
EIFFL,EQ,217.2,-0.72,538.66,0.31,0.67
MCL,EQ,57.5,-2.69,156.07,1.17,0.67
TNIDETF,EQ,91,-0.05,174.77,0.74,0.67
SURANI,ST,130,-1.59,202.12,0.51,0.66
SARTELE,SM,241.05,-0.66,1135.53,0.27,0.65
KHAITANLTD,EQ,106.76,-9.02,50.71,0.59,0.65
PRECOT,EQ,535,-0.57,642,0.12,0.65
UTISENSETF,EQ,898.36,-0.17,48841.97,0.07,0.64
PAVNAIND,EQ,394,-2.37,549.75,0.16,0.64
TRF,EQ,389.95,-0.37,429.12,0.16,0.63
URBAN,ST,183.9,-0.14,159.26,0.34,0.63
PRIMO,EQ,25.7,-0.7,622.82,2.37,0.62
BALAJITELE,EQ,74.9,-0.78,895.72,0.82,0.61
NILKAMAL,EQ,1760,-0.35,2626.36,0.03,0.61
CAPITALSFB,EQ,287,-0.14,1298.59,0.21,0.61
NAMOEWASTE,SM,161,-1.83,368.17,0.37,0.6
SIMPLEXINF,EQ,280,-0.73,1882.35,0.21,0.59
MACPOWER,BE,931,-0.75,931.39,0.06,0.57
ATALREAL,EQ,14.74,-2.32,163.64,3.79,0.57
GODAVARIB,BE,193.8,-0.53,991.79,0.29,0.56
AJOONI,EQ,5.88,-0.34,101.28,9.28,0.54
ENVIRO,SM,106.65,-1.89,200.4,0.5,0.53
KOHINOOR,EQ,37.05,-0.13,137.35,1.41,0.53
AUTOIND,EQ,83.96,-0.27,362.5,0.63,0.53
UNIDT,EQ,204.1,-1.37,414.39,0.26,0.52
BAIDFIN,EQ,9.78,-0.61,117.43,5.33,0.52
KNAGRI,SM,230,-8,574.97,0.21,0.51
TARACHAND,BE,65.69,-2.01,517.8,0.77,0.51
JUBLCPL,EQ,1530,-0.72,2305.27,0.03,0.5
MAXVOLT,SM,184.4,-0.59,201.07,0.27,0.49
IVC,EQ,9.91,-0.5,311.21,4.96,0.49
BEWLTD,SM,199.45,-2.21,260.75,0.24,0.49
BANKETFADD,EQ,56.06,-0.3,687.75,0.86,0.49
OCCLLTD,EQ,85.97,-0.83,429.42,0.56,0.48
UNIHEALTH,SM,153.3,-2.97,236.08,0.31,0.48
APOLSINHOT,EQ,1319,-3.48,342.99,0.04,0.47
CONSUMIETF,EQ,119.13,-0.13,61.8,0.39,0.47
NAHARPOLY,EQ,218.65,-2.17,537.62,0.21,0.47
SPECIALITY,EQ,134.41,-0.7,648.34,0.34,0.46
NIFTY50ADD,EQ,258.52,-0.18,362.24,0.17,0.45
DHUNINV,EQ,1592,-0.02,970.67,0.03,0.44
DIGISPICE,EQ,22.8,-1.72,532.66,1.93,0.44
NIRMAN,ST,218.7,-1.99,175.17,0.2,0.44
VHL,EQ,3750,-1.77,1193.93,0.01,0.44
CROWN,EQ,159.9,-1.56,179.46,0.27,0.44
PRIZOR,SM,158,-5.19,168.92,0.27,0.44
OSIAHYPER,EQ,23.51,-1.59,312.97,1.81,0.43
INDOTHAI,BE,1800,-0.22,1991.22,0.02,0.43
CGRAPHICS,SM,158.5,-2.46,384.93,0.27,0.43
INDOBORAX,EQ,187,-0.1,600.08,0.23,0.43
HDFCVALUE,EQ,135.3,-0.48,38.1,0.31,0.42
MITCON,EQ,73.8,-5.37,99.18,0.53,0.41
MOKSH,EQ,14.03,-0.36,117.5,2.87,0.41
BAJAJINDEF,EQ,225.3,-1.46,720.96,0.17,0.39
AYMSYNTEX,EQ,207.86,-0.91,1216.42,0.18,0.38
NILASPACES,BE,12.17,-1.22,479.36,3.11,0.38
KANDARP,ST,88.3,-1.23,79.23,0.42,0.37
USK,EQ,38,-2.14,210.36,0.96,0.37
ARIHANTSUP,EQ,366.6,-0.33,1508.93,0.1,0.36
QNIFTY,EQ,2710,-0.08,70.23,0.01,0.36
BIRDYS,SM,111,-3.44,57.81,0.31,0.35
GOYALSALT,SM,174,-1.19,311.46,0.2,0.35
RAJPUTANA,SM,236,-1.85,165.99,0.14,0.35
WORTH,EQ,151.8,-0.22,239.1,0.22,0.34
SWASTIK,SM,40,-3.38,92.93,0.82,0.34
MEGASOFT,BE,68.65,-2.32,506.43,0.49,0.34
EQUAL50ADD,EQ,321.33,-0.47,538.44,0.1,0.34
LOWVOL1,EQ,20.5,-0.29,175.91,1.64,0.34
BRNL,BE,24,-3.88,201.48,1.38,0.34
PANACHE,BE,181.5,-2.39,276.39,0.18,0.33
HDFCSENSEX,EQ,91.76,-0.11,1030.68,0.36,0.33
PRAKASHSTL,EQ,6.76,-1.02,118.3,4.82,0.33
ORIENTBELL,EQ,260,-1.53,381.08,0.12,0.32
SHAH,EQ,3.2,-2.14,190.04,9.85,0.32
ASHIMASYN,BE,32.25,-0.95,618.1,0.94,0.31
TIMESGTY,EQ,168,-3.42,151.08,0.18,0.3
ZIMLAB,EQ,92,-0.03,448.28,0.33,0.3
RELCHEMQ,EQ,187,-1.88,141.06,0.16,0.3
IVP,EQ,187.25,-0.99,193.36,0.16,0.3
NV20,EQ,150.16,-0.01,121.35,0.2,0.29
MOHEALTH,EQ,42.9,-0.09,29.24,0.68,0.29
SHERA,SM,152,-2.6,346.38,0.19,0.29
ARCHIDPLY,EQ,94.5,-0.8,187.72,0.3,0.29
STEELCITY,EQ,100.4,-0.94,151.68,0.28,0.29
HOACFOODS,SM,157.65,-2.53,60.59,0.17,0.29
IRIS,BE,271.45,-4.99,557.51,0.1,0.28
VIDHIING,EQ,446,-0.63,2227.55,0.06,0.28
CPCAP,BE,203,-0.34,369.32,0.14,0.28
STARTECK,EQ,294.05,-0.63,291.41,0.09,0.27
TREEHOUSE,BE,8.25,-1.32,34.91,3.3,0.27
LEMERITE,ST,316,-0.61,742,0.08,0.27
VALIANTLAB,BE,102,-0.56,443.19,0.26,0.26
SHREEKARNI,SM,598,-0.17,422.91,0.04,0.26
ZEAL,SM,138,-0.18,183.67,0.19,0.26
NINSYS,EQ,442.25,-3.22,821.52,0.06,0.25
KOTARISUG,EQ,38,-0.18,314.98,0.66,0.25
BESTAGRO,BE,340.1,-1.97,804.16,0.07,0.25
TAINWALCHM,EQ,199,-2.89,186.34,0.12,0.25
DUCON,EQ,6.1,-1.13,198.2,4.05,0.25
SAH,EQ,89.61,-2,231.16,0.27,0.25
PALASHSECU,EQ,123.2,-2.95,123.24,0.2,0.25
SERVICE,SM,61.5,-2.38,81.97,0.4,0.24
ATAM,EQ,103.7,-0.71,118.87,0.23,0.24
ESPRIT,SM,116.5,-2.51,255.66,0.21,0.24
SAAKSHI,SM,145,-5.51,256.01,0.16,0.24
COMMITTED,ST,246.5,-0.4,266.46,0.1,0.24
SMSLIFE,EQ,1374.7,-4.26,415.61,0.02,0.23
HINDCOMPOS,EQ,438.85,-0.61,648.14,0.05,0.23
SHREEOSFM,SM,109,-2.68,167.9,0.21,0.23
NIRAJ,EQ,58.01,-3.64,281.2,0.39,0.23
IZMO,BE,327.8,-1.99,487.51,0.07,0.23
TARMAT,EQ,49.37,-0.52,118.81,0.45,0.22
TREJHARA,EQ,254,-0.34,368.71,0.09,0.22
TARAPUR,BE,28.55,-2.06,55.67,0.78,0.22
MANAKSIA,EQ,71.7,-0.14,469.88,0.3,0.21
TIRUPATI,SM,579.95,-0.29,587.49,0.04,0.21
SRGHFL,EQ,316,-1.53,495.36,0.06,0.2
SIKKO,EQ,79.62,-3.22,173.89,0.25,0.2
SBIETFIT,EQ,411.18,-0.4,78.78,0.05,0.2
TECH,EQ,40,-1.38,29.86,0.49,0.2
SETCO,BE,19.27,-5.03,257.77,0.99,0.19
ATLANTAA,EQ,38.38,-5,312.8,0.49,0.19
ESCONET,ST,175,-0.99,230.93,0.11,0.19
SASTASUNDR,EQ,260,-0.21,827.07,0.07,0.19
CMNL,SM,155,-1.27,374.09,0.12,0.19
MALUPAPER,EQ,40.39,-0.93,68.9,0.46,0.19
FELIX,ST,160.5,-1.53,219.45,0.12,0.19
SAHYADRI,EQ,282.1,-0.28,308.8,0.06,0.18
SHIVATEX,EQ,196,-1.29,254.07,0.09,0.18
DICIND,EQ,648.8,-0.8,595.53,0.03,0.18
JHS,BE,15.41,-1.85,131.92,1.15,0.18
TUNWAL,SM,31.8,-0.16,175.86,0.56,0.18
DIAMINESQ,EQ,392.2,-0.75,383.73,0.04,0.17
ASIANHOTNR,BE,362.1,-1.72,704.4,0.05,0.17
LAGNAM,EQ,118.05,-2.75,208.58,0.14,0.17
SUNDRMBRAK,EQ,718.05,-2.07,282.52,0.02,0.17
MKPL,EQ,7.23,-0.14,271.39,2.3,0.17
LOTUSEYE,EQ,75.8,-0.54,157.64,0.22,0.17
LAXMICOT,EQ,28.64,-2.85,49.11,0.58,0.17
MANOMAY,EQ,172.1,-1.28,310.62,0.1,0.17
NEELAM,ST,26.25,-4.55,53.07,0.6,0.16
AMNPLST,EQ,209.02,-0.01,1150.03,0.08,0.16
SEL,SM,319.2,-5,74.01,0.05,0.16
NEPHROCARE,SM,143,-0.8,235.76,0.11,0.16
SILGO,BE,50.82,-2.44,94,0.31,0.16
AERON,SM,142.3,-0.39,242.19,0.11,0.16
PVTBANKADD,EQ,27.78,-0.07,354.3,0.57,0.16
EMKAYTOOLS,SM,382,-1.19,407.64,0.04,0.16
UNILEX,SM,45.5,-0.98,61.96,0.34,0.15
RVTH,BE,891,-0.06,273.26,0.02,0.15
TIPSFILMS,EQ,514.15,-0.05,222.26,0.03,0.15
CLSL,SM,49.4,-0.8,84.67,0.3,0.15
DECCANTRAN,SM,47.7,-0.42,108.39,0.31,0.15
COMPUSOFT,EQ,20.01,-1.19,158.33,0.7,0.14
DPEL,ST,135.1,-0.15,290.02,0.1,0.14
PELATRO,SM,363,-0.55,377.76,0.04,0.14
MUKTAARTS,EQ,78.3,-1.42,176.84,0.18,0.14
APCL,EQ,133.29,-0.37,391.54,0.1,0.14
SEMAC,BE,350,-3.31,109.11,0.04,0.13
SGBSEP28VI,GB,9175,-0.11,2926.95,0,0.13
NATCAPSUQ,EQ,195.81,-2.45,202.49,0.07,0.13
QUESTLAB,ST,106.35,-0.23,174.28,0.12,0.13
GILLANDERS,EQ,110.1,-1.79,234.98,0.11,0.13
AXISTECETF,EQ,408.4,-0.49,178.29,0.03,0.13
KORE,ST,155.5,-4.98,184.66,0.08,0.12
INFINIUM,SM,302,-2.19,470.61,0.04,0.12
DELTIC,ST,71,-0.56,108.56,0.17,0.12
INNOVANA,EQ,355,-2.86,727.75,0.03,0.12
GOYALALUM,EQ,8.33,-1.3,118.9,1.43,0.12
AMBICAAGAR,EQ,29.65,-4.11,50.93,0.39,0.12
HDFCLOWVOL,EQ,20.11,-0.25,38.16,0.59,0.12
AARVEEDEN,BE,142.5,-0.5,334.3,0.08,0.12
PIONEEREMB,EQ,43.86,-2.94,135.12,0.27,0.12
875NHAI29,N6,1175,-0.32,1398.02,0.01,0.12
SBIETFPB,EQ,279.66,-0.03,515.66,0.04,0.12
CELEBRITY,EQ,12.07,-2.82,72.03,0.95,0.11
SECMARK,EQ,125.5,-2.96,130.65,0.09,0.11
OBCL,EQ,55,-0.72,115.96,0.2,0.11
WTICAB,SM,147,-1.54,350.03,0.07,0.11
KSHITIJPOL,EQ,3.46,-0.86,30.79,3.27,0.11
AHLADA,EQ,66.52,-1.45,85.95,0.16,0.11
EMAPARTNER,SM,118.5,-2.71,275.47,0.09,0.11
SHIVAMILLS,EQ,79,-0.19,68.27,0.14,0.11
SABTNL,BE,595,-0.34,1509.7,0.02,0.11
BAGFILMS,BE,6.6,-0.45,130.51,1.59,0.1
CHETANA,SM,107.15,-0.05,218.59,0.1,0.1
NMSTEEL,ST,31.35,-0.48,54.2,0.34,0.1
AESTHETIK,SM,73.5,-0.34,126.57,0.14,0.1
BINANIIND,BE,15.94,-3.04,50,0.64,0.1
ABCOTS,SM,449.9,-1.13,738.71,0.02,0.1
SGBMAR31IV,GB,9242,-0.09,3263.89,0,0.1
DCMNVL,EQ,183.3,-2.55,342.36,0.05,0.1
ATLASCYCLE,BE,86.97,-1.17,56.56,0.11,0.09
SKP,SM,228.25,-2.39,378.89,0.04,0.09
MDL,SM,94.95,-0.11,168.44,0.1,0.09
MARALOVER,EQ,70.9,-0.87,294.29,0.13,0.09
842IIFL26,NL,977.95,-0.01,144,0.01,0.09
LATTEYS,BE,19.68,-2.04,113.15,0.43,0.09
10IIFL29,N6,995,-0.2,30.86,0.01,0.08
DIVYADHAN,ST,38.2,-4.98,54.65,0.22,0.08
LAMOSAIC,ST,41.85,-0.59,43.26,0.2,0.08
SBINEQWETF,EQ,31.33,-0.06,28.02,0.26,0.08
VDEAL,SM,136.5,-2.33,66.75,0.06,0.08
GREENCHEF,SM,62.65,-0.08,145.8,0.13,0.08
PENTAGON,SM,72.05,-0.48,55.55,0.11,0.08
MAGSON,ST,117,-1.1,91.84,0.07,0.08
AMEYA,SM,113.55,-3.97,85.16,0.07,0.08
DOLPHIN,BE,366.3,-1.99,1465.37,0.02,0.08
PPSL,SM,28.6,-1.21,83.8,0.27,0.08
SUNREST,SM,54.7,-4.04,23.47,0.14,0.08
ESG,EQ,42.32,-0.02,122.78,0.18,0.08
76NHAI31,NA,1129.01,-0.12,3020.4,0.01,0.08
WEIZMANIND,EQ,116.25,-2.24,180.12,0.06,0.08
JALAN,ST,9.45,-5.03,13.74,0.78,0.07
DENEERS,SM,307,-1.73,264.22,0.02,0.07
PCCL,SM,184,-3.13,454.48,0.04,0.07
NGIL,EQ,29.24,-3.18,37.21,0.24,0.07
UNIVPHOTO,EQ,230.03,-1.9,251.8,0.03,0.07
RAJINDLTD,SM,75.1,-2.47,166.83,0.09,0.07
MAITREYA,SM,282,-1.73,191.08,0.02,0.07
IL&FSTRANS,BZ,3.43,-1.72,112.83,1.98,0.07
VISASTEEL,BE,32.86,-0.12,380.48,0.2,0.07
ARCHIES,EQ,19.02,-2.71,64.25,0.33,0.06
VLINFRA,SM,46.7,-0.32,73.38,0.14,0.06
VMARCIND,ST,310.7,-2,758.75,0.02,0.06
ROYALARC,ST,170,-1.16,188.7,0.04,0.06
IIFLZC25,ND,1702,-2.06,9.84,0,0.06
ZODIACLOTH,EQ,109.19,-0.08,283.83,0.05,0.06
TGL,ST,319.9,-1.99,383.87,0.02,0.06
SIGIND,EQ,55.02,-1.22,161.96,0.1,0.06
MOGSEC,EQ,61.19,-0.46,104.7,0.09,0.06
865IIFL28,NS,953.3,-2.23,150.88,0.01,0.06
SGBJUL27,GB,9200,-0.27,493.07,0,0.06
PSRAJ,SM,136,-0.29,102.52,0.04,0.05
735NHAI31,N9,1108,-0.63,6628.69,0,0.05
91D140825,TB,98,-0.58,9800,0.05,0.05
VIVIDHA,EQ,0.9,-1.1,26.34,5.86,0.05
DUGLOBAL,SM,52.65,-0.66,367.37,0.1,0.05
KONTOR,ST,87,-1.36,53.77,0.06,0.05
667GS2050,GS,100.5,-0.99,152310.88,0.05,0.05
SSFL,SM,204,-0.85,174.84,0.03,0.05
BOSS,SM,49.05,-10,21.81,0.1,0.05
GSEC10YEAR,EQ,29.1,-0.1,92.14,0.17,0.05
HPIL,EQ,126,-0.31,143.94,0.04,0.05
955SCL27,Z5,980.65,-1.69,12.95,0.01,0.05
3PLAND,EQ,45.45,-1.98,81.81,0.1,0.05
SRPL,BZ,1,-1.96,42.84,4.69,0.05
GVPTECH,EQ,9.81,-1.31,159.77,0.46,0.05
CALSOFT,BE,10.99,-0.63,16.99,0.41,0.05
SFML,ST,31,-1.12,76.97,0.14,0.04
SALONA,EQ,244,-2.01,128.4,0.02,0.04
BIL,BE,710,-0.27,921.89,0.01,0.04
LORDSCHLO,BE,153,-0.12,384.85,0.03,0.04
LIBAS,EQ,13.02,-1.14,34.3,0.32,0.04
888REC29,NF,1145.01,-0.43,334.97,0,0.04
MWL,SM,160,-1.81,475.21,0.02,0.04
830NHAI27,N2,1092.02,-0.36,3585.13,0,0.04
REGENCERAM,EQ,42.9,-0.21,113.43,0.09,0.04
SGBMAR28X,GB,9160,-0.33,693.72,0,0.04
NIFTYBETF,EQ,252.7,-0.19,206.22,0.01,0.04
TGBHOTELS,EQ,10.34,-0.1,30.28,0.34,0.04
ASLIND,ST,34.8,-4.92,36.25,0.1,0.03
9SCL26BA,NA,1018.33,-0.16,411.91,0,0.03
774IREDA31,N7,1115.01,-0.8,0,0,0.03
SHAHALLOYS,BE,59,-3.28,116.81,0.06,0.03
PROLIFE,SM,160,-4.02,65.51,0.02,0.03
SPLIL,BE,39.3,-1.18,113.97,0.08,0.03
UCL,SM,52,-5.45,58.43,0.06,0.03
82HUDCO27,N2,1056.15,-0.27,2659.62,0,0.03
DOLLEX,SM,37.2,-2.62,148.61,0.08,0.03
ANLON,SM,370,-3.37,231.45,0.01,0.03
SGBMAY26,GB,9275,-1.75,603.19,0,0.03
ANTGRAPHIC,EQ,1,-0.99,15.5,2.88,0.03
737NTPC35C,NA,1396,-0.14,254.88,0,0.03
PARAMOUNT,ST,56,-2.27,38.88,0.05,0.03
BSLSENETFG,EQ,81.32,-0.38,343.48,0.03,0.03
MANCREDIT,EQ,158.27,-1.03,309.64,0.02,0.03
AIROLAM,EQ,90,-1.69,135.02,0.03,0.03
VCL,EQ,0.77,-1.28,14.15,3.42,0.03
AILIMITED,ST,85.85,-0.12,51.7,0.03,0.03
KRIDHANINF,BE,3.65,-1.08,34.59,0.69,0.03
ONDOOR,ST,168.1,-1.98,94.95,0.01,0.03
SBIBPB,EQ,38.12,-0.08,461.34,0.07,0.03
LICNETFN50,EQ,275.5,-0.01,872.39,0.01,0.02
ALUWIND,SM,54.1,-1.19,134.42,0.04,0.02
764NABAR31,N2,1115,-0.8,0,0,0.02
DELPHIFX,BE,131.25,-1.73,146.05,0.02,0.02
ASHALOG,SM,74.05,-1.46,100.38,0.03,0.02
ITETFADD,EQ,39.12,-0.46,37.63,0.06,0.02
835IFL25,NV,1070.5,-0.02,50.3,0,0.02
965AEL27,N4,1064,-0.1,504.69,0,0.02
VILINBIO,ST,26.55,-4.84,37.04,0.08,0.02
ARISTO,SM,130,-5.8,88.5,0.02,0.02
BABAFP,SM,43.5,-0.91,71.02,0.05,0.02
LOWVOL,EQ,200.93,-0.42,42.86,0.01,0.02
MAL,SM,32.1,-1.53,79.24,0.06,0.02
INFOMEDIA,EQ,6.15,-2.38,30.87,0.32,0.02
10IIFL28A,NE,974,-0.81,267.55,0,0.02
EQUIPPP,BE,20,-2.3,206.19,0.09,0.02
NIFITETF,EQ,389.58,-0.15,5.35,0,0.02
INCREDIBLE,EQ,38.25,-0.78,178.87,0.05,0.02
KCK,SM,36.35,-4.97,231.19,0.05,0.02
RETAIL,EQ,40.3,-1.2,27.42,0.04,0.02
CELLPOINT,SM,17.6,-2.22,32.89,0.1,0.02
SFLZC26A,ZC,1719,-0.12,24.46,0,0.02
WINNY,SM,170,-3.19,36.89,0.01,0.02
BANKPSU,EQ,66,-0.2,42.55,0.03,0.02
MADHAVBAUG,ST,132.55,-3.25,139.36,0.01,0.02
MIEL,ST,26.25,-1.87,46.19,0.06,0.02
AMBEY,SM,38,-1.94,94.8,0.04,0.02
RADAAN,BE,3.78,-1.56,20.47,0.4,0.02
EXCELLENT,SM,47.75,-4.12,21.34,0.03,0.02
871REC28,N9,1128.26,-0.14,1321.73,0,0.01
MITCONPP,E1,23,-6.58,9.76,0.06,0.01
TVVISION,BE,6.96,-2.11,26.97,0.2,0.01
AMIABLE,SM,81,-4.71,14.16,0.02,0.01
ZENITHDRUG,ST,80.9,-0.12,138.73,0.02,0.01
SGBJAN27,GB,9200,-0.76,224.12,0,0.01
AATMAJ,SM,19.6,-1.01,44.3,0.06,0.01
AGNI,ST,22.25,-0.22,43.46,0.05,0.01
SGBDEC26,GB,9250,-0.29,192.29,0,0.01
563GS2026,GS,99.7,-0.5,160021.63,0.01,0.01
865IRFC29,NA,1109.25,-0.52,763.56,0,0.01
SILLYMONKS,EQ,16.95,-0.47,17.35,0.06,0.01
SGBOCT25,GB,9293,-0.4,246.09,0,0.01
PALREDTEC,BE,47,-0.74,57.49,0.02,0.01
TFL,BE,14.98,-0.27,80.4,0.07,0.01
843IHFL29,NC,960,-0.03,51.59,0,0.01
LLOYDS,SM,95.05,-2.06,226.82,0.01,0.01
935IIFL28,NZ,986,-1.4,23.18,0,0.01
579GS2030,GS,95.6,-2.85,99424,0.01,0.01
893NHB29,N6,5675,-0.09,377.51,0,0.01
733GS2026,GS,101.9,-0.06,46874,0.01,0.01
SGBNOV26,GB,9250,-1.07,378.72,0,0.01
SGBDEC2513,GB,9215.02,-4.01,121.78,0,0.01
DRSDILIP,SM,98,-4.85,147.61,0.01,0.01
970CAGL28,ND,1014,-0.3,256.78,0,0.01
SABAR,ST,7.65,-4.37,13.2,0.1,0.01
AGUL,SM,38.2,-1.04,20.95,0.02,0.01
717GS2030,GS,104.45,-0.48,107583.5,0.01,0.01
1050ISFL28,N5,972.25,-1.04,153.34,0,0.01
LOYALTEX,BE,285.5,-0.52,137.51,0,0.01
GOLDENTOBC,BZ,35.5,-1.25,62.51,0.02,0.01
DEEM,SM,62.05,-1.04,51.73,0.01,0.01
105IIFL29,N7,942.5,-18.89,14.56,0,0.01
81TCHF28,N8,1013,-0.35,38.78,0,0.01
GAYAHWS,BE,1.2,-2.44,28.76,0.48,0.01
IMC1,N1,255,-0.39,62.22,0,0.01
92SFIL28,ND,981,-1.9,13.69,0,0.01
ONELIFECAP,BE,10.98,-0.09,14.67,0.05,0.01
GSEC5IETF,EQ,61.94,-0.4,58.28,0.01,0
SCLZC25F,Y5,1112.8,-0.2,6.32,0,0
SGBOCT25V,GB,9152.16,-0.63,159.27,0,0
ARVEE,EQ,151,-2.74,166.4,0,0
891IIFCL34,N4,1263,-0.16,0,0,0
SENSEXADD,EQ,83.26,-0.3,8.6,0,0
BLUECOAST,BE,23.53,-2,34.45,0.02,0
IIFLHF29,NE,1137.3,-6.01,6.29,0,0
91D240725,TB,98.38,-0.5,34629.76,0,0
SGBDC27VII,GB,9250,-0.54,599.68,0,0
SGBOCT27,GB,9125.05,-1.4,415.9,0,0
990SCFL26,AJ,1132,-7.23,7.72,0,0
695GS2061,GS,104,-0.72,152880,0,0
948SCL26A,NN,670,-2.9,12.86,0,0
SGBNOV25,GB,9301.5,-2.5,162.89,0,0
SGBJUN27,GB,9250,-0.22,425.3,0,0
1050UCL25,N7,1000,-0.4,49.28,0,0
SANCO,BZ,2.37,-3.27,3.1,0.06,0
990SCL26,N7,715,-1.92,7.6,0,0
MON50EQUAL,EQ,31.27,-0.03,5.5,0,0
1075NFL25,N6,1079.2,-0.13,78.97,0,0
OMKARCHEM,BZ,5.9,-1.67,12.14,0.02,0
756JK48,SG,100.6,-0.87,905.4,0,0
880IREDA29,N5,1120,-0.44,262.7,0,0
79NHIT35,N1,308.07,-0.32,462.11,0,0
971SCL29T,N1,941,-1.16,10.31,0,0
772GS2049,GS,111.75,-0.75,89400,0,0
AEL120924B,N8,1010,-3.81,34.38,0,0
9PEL25,N0,1035.26,-0.07,282.53,0,0
957NIDO26,N5,975.05,-0.51,24.22,0,0
SCL25B,BI,1118.2,-1.57,5.49,0,0
667GS2035,GS,113,-1.74,138916.55,0,0
LAKPRE,BZ,4.81,-2.63,5.26,0,0
717GS2028,GS,102.95,-0.77,96773,0,0